state,harris_pct,trump_pct,win,electoral_votes_sim.i.,electoral_votes_harris_sim
Georgia,53.095926245923906,53.71571176276418,0,10,0
California,44.64228587409651,45.75370850396525,0,50,0
Nevada,50.401296973761816,49.0739459123256,1,3,3
Florida,43.45646893420982,47.47269947565555,0,20,0
New York,53.134645636331,44.59193346228277,1,21,21
